;event_id;type;stop-id;line-id;passengers;line-direction;line-freq-repetition
0;1;departure;3;8;0;>;1
1;2;arrival;1;8;200;>;1
2;3;departure;4;8;0;>;1
3;4;arrival;3;8;190;>;1
4;5;departure;5;8;0;>;1
5;6;arrival;4;8;100;>;1
6;7;departure;6;8;0;>;1
7;8;arrival;5;8;590;>;1
8;9;departure;7;8;0;>;1
9;10;arrival;6;8;181;>;1
10;11;departure;3;8;0;>;2
11;12;arrival;1;8;0;>;2
12;13;departure;4;8;0;>;2
13;14;arrival;3;8;0;>;2
14;15;departure;5;8;0;>;2
15;16;arrival;4;8;0;>;2
16;17;departure;6;8;0;>;2
17;18;arrival;5;8;0;>;2
18;19;departure;7;8;0;>;2
19;20;arrival;6;8;0;>;2
20;21;departure;3;8;0;>;3
21;22;arrival;1;8;0;>;3
22;23;departure;4;8;0;>;3
23;24;arrival;3;8;0;>;3
24;25;departure;5;8;0;>;3
25;26;arrival;4;8;0;>;3
26;27;departure;6;8;0;>;3
27;28;arrival;5;8;0;>;3
28;29;departure;7;8;0;>;3
29;30;arrival;6;8;0;>;3
30;31;departure;6;8;0;<;1
31;32;arrival;7;8;181;<;1
32;33;departure;5;8;0;<;1
33;34;arrival;6;8;440;<;1
34;35;departure;4;8;0;<;1
35;36;arrival;5;8;100;<;1
36;37;departure;3;8;0;<;1
37;38;arrival;4;8;40;<;1
38;39;departure;1;8;0;<;1
39;40;arrival;3;8;200;<;1
40;41;departure;6;8;0;<;2
41;42;arrival;7;8;0;<;2
42;43;departure;5;8;0;<;2
43;44;arrival;6;8;0;<;2
44;45;departure;4;8;0;<;2
45;46;arrival;5;8;0;<;2
46;47;departure;3;8;0;<;2
47;48;arrival;4;8;0;<;2
48;49;departure;1;8;0;<;2
49;50;arrival;3;8;0;<;2
50;51;departure;6;8;0;<;3
51;52;arrival;7;8;0;<;3
52;53;departure;5;8;0;<;3
53;54;arrival;6;8;0;<;3
54;55;departure;4;8;0;<;3
55;56;arrival;5;8;0;<;3
56;57;departure;3;8;0;<;3
57;58;arrival;4;8;0;<;3
58;59;departure;1;8;0;<;3
59;60;arrival;3;8;0;<;3
60;61;departure;3;2;0;>;1
61;62;arrival;2;2;151;>;1
62;63;departure;6;2;0;>;1
63;64;arrival;3;2;430;>;1
64;65;departure;8;2;0;>;1
65;66;arrival;6;2;160;>;1
66;67;departure;3;2;0;>;2
67;68;arrival;2;2;0;>;2
68;69;departure;6;2;0;>;2
69;70;arrival;3;2;0;>;2
70;71;departure;8;2;0;>;2
71;72;arrival;6;2;0;>;2
72;73;departure;3;2;0;>;3
73;74;arrival;2;2;0;>;3
74;75;departure;6;2;0;>;3
75;76;arrival;3;2;0;>;3
76;77;departure;8;2;0;>;3
77;78;arrival;6;2;0;>;3
78;79;departure;6;2;0;<;1
79;80;arrival;8;2;160;<;1
80;81;departure;3;2;0;<;1
81;82;arrival;6;2;480;<;1
82;83;departure;2;2;0;<;1
83;84;arrival;3;2;251;<;1
84;85;departure;6;2;0;<;2
85;86;arrival;8;2;0;<;2
86;87;departure;3;2;0;<;2
87;88;arrival;6;2;0;<;2
88;89;departure;2;2;0;<;2
89;90;arrival;3;2;0;<;2
90;91;departure;6;2;0;<;3
91;92;arrival;8;2;0;<;3
92;93;departure;3;2;0;<;3
93;94;arrival;6;2;0;<;3
94;95;departure;2;2;0;<;3
95;96;arrival;3;2;0;<;3
96;97;departure;5;6;0;>;1
97;98;arrival;4;6;150;>;1
98;99;departure;6;6;0;>;1
99;100;arrival;5;6;100;>;1
100;101;departure;6;6;0;>;1
101;102;arrival;3;6;91;>;1
102;103;departure;3;6;0;<;1
103;104;arrival;6;6;191;<;1
104;105;departure;5;6;0;<;1
105;106;arrival;6;6;100;<;1
106;107;departure;4;6;0;<;1
107;108;arrival;5;6;0;<;1
108;109;departure;6;4;0;>;1
109;110;arrival;3;4;0;>;1
110;111;departure;6;4;0;>;1
111;112;arrival;5;4;0;>;1
112;113;departure;6;4;0;>;2
113;114;arrival;3;4;0;>;2
114;115;departure;6;4;0;>;2
115;116;arrival;5;4;0;>;2
116;117;departure;6;4;0;>;3
117;118;arrival;3;4;0;>;3
118;119;departure;6;4;0;>;3
119;120;arrival;5;4;0;>;3
120;121;departure;6;4;0;>;4
121;122;arrival;3;4;0;>;4
122;123;departure;6;4;0;>;4
123;124;arrival;5;4;0;>;4
124;125;departure;5;4;0;<;1
125;126;arrival;6;4;0;<;1
126;127;departure;3;4;0;<;1
127;128;arrival;6;4;0;<;1
128;129;departure;5;4;0;<;2
129;130;arrival;6;4;0;<;2
130;131;departure;3;4;0;<;2
131;132;arrival;6;4;0;<;2
132;133;departure;5;4;0;<;3
133;134;arrival;6;4;0;<;3
134;135;departure;3;4;0;<;3
135;136;arrival;6;4;0;<;3
136;137;departure;5;4;0;<;4
137;138;arrival;6;4;0;<;4
138;139;departure;3;4;0;<;4
139;140;arrival;6;4;0;<;4
140;141;departure;3;5;0;>;1
141;142;arrival;2;5;100;>;1
142;143;departure;4;5;0;>;1
143;144;arrival;3;5;10;>;1
144;145;departure;3;5;0;<;1
145;146;arrival;4;5;10;<;1
146;147;departure;2;5;0;<;1
147;148;arrival;3;5;0;<;1
148;149;departure;6;3;0;>;1
149;150;arrival;5;3;0;>;1
150;151;departure;6;3;0;>;2
151;152;arrival;5;3;0;>;2
152;153;departure;5;3;0;<;1
153;154;arrival;6;3;0;<;1
154;155;departure;5;3;0;<;2
155;156;arrival;6;3;0;<;2
