;event_id;type;stop-id;line-id;passengers;line-direction;line-freq-repetition
0;1;departure;14;1;0;>;1
1;2;arrival;13;1;60;>;1
2;3;departure;13;1;0;>;1
3;4;arrival;11;1;205;>;1
4;5;departure;11;1;0;>;1
5;6;arrival;10;1;845;>;1
6;7;departure;10;1;0;>;1
7;8;arrival;8;1;1545;>;1
8;9;departure;8;1;0;>;1
9;10;arrival;6;1;1135;>;1
10;11;departure;6;1;0;<;1
11;12;arrival;8;1;1135;<;1
12;13;departure;8;1;0;<;1
13;14;arrival;10;1;1545;<;1
14;15;departure;10;1;0;<;1
15;16;arrival;11;1;845;<;1
16;17;departure;11;1;0;<;1
17;18;arrival;13;1;205;<;1
18;19;departure;13;1;0;<;1
19;20;arrival;14;1;60;<;1
20;21;departure;12;3;0;>;1
21;22;arrival;11;3;405;>;1
22;23;departure;11;3;0;>;1
23;24;arrival;10;3;320;>;1
24;25;departure;10;3;0;>;1
25;26;arrival;8;3;440;>;1
26;27;departure;8;3;0;>;1
27;28;arrival;6;3;525;>;1
28;29;departure;6;3;0;>;1
29;30;arrival;4;3;795;>;1
30;31;departure;12;3;0;>;2
31;32;arrival;11;3;0;>;2
32;33;departure;11;3;0;>;2
33;34;arrival;10;3;0;>;2
34;35;departure;10;3;0;>;2
35;36;arrival;8;3;0;>;2
36;37;departure;8;3;0;>;2
37;38;arrival;6;3;0;>;2
38;39;departure;6;3;0;>;2
39;40;arrival;4;3;0;>;2
40;41;departure;4;3;0;<;1
41;42;arrival;6;3;795;<;1
42;43;departure;6;3;0;<;1
43;44;arrival;8;3;525;<;1
44;45;departure;8;3;0;<;1
45;46;arrival;10;3;440;<;1
46;47;departure;10;3;0;<;1
47;48;arrival;11;3;320;<;1
48;49;departure;11;3;0;<;1
49;50;arrival;12;3;405;<;1
50;51;departure;4;3;0;<;2
51;52;arrival;6;3;0;<;2
52;53;departure;6;3;0;<;2
53;54;arrival;8;3;0;<;2
54;55;departure;8;3;0;<;2
55;56;arrival;10;3;0;<;2
56;57;departure;10;3;0;<;2
57;58;arrival;11;3;0;<;2
58;59;departure;11;3;0;<;2
59;60;arrival;12;3;0;<;2
60;61;departure;14;5;0;>;1
61;62;arrival;10;5;235;>;1
62;63;departure;10;5;0;>;1
63;64;arrival;7;5;630;>;1
64;65;departure;15;5;0;>;1
65;66;arrival;7;5;395;>;1
66;67;departure;15;5;0;>;1
67;68;arrival;6;5;60;>;1
68;69;departure;8;5;0;>;1
69;70;arrival;6;5;0;>;1
70;71;departure;6;5;0;<;1
71;72;arrival;8;5;0;<;1
72;73;departure;6;5;0;<;1
73;74;arrival;15;5;205;<;1
74;75;departure;7;5;0;<;1
75;76;arrival;15;5;495;<;1
76;77;departure;7;5;0;<;1
77;78;arrival;10;5;630;<;1
78;79;departure;10;5;0;<;1
79;80;arrival;14;5;235;<;1
80;81;departure;13;8;0;>;1
81;82;arrival;10;8;580;>;1
82;83;departure;10;8;0;>;1
83;84;arrival;7;8;10;>;1
84;85;departure;15;8;0;>;1
85;86;arrival;7;8;240;>;1
86;87;departure;15;8;0;>;1
87;88;arrival;6;8;175;>;1
88;89;departure;8;8;0;>;1
89;90;arrival;6;8;0;>;1
90;91;departure;6;8;0;<;1
91;92;arrival;8;8;0;<;1
92;93;departure;6;8;0;<;1
93;94;arrival;15;8;75;<;1
94;95;departure;7;8;0;<;1
95;96;arrival;15;8;140;<;1
96;97;departure;7;8;0;<;1
97;98;arrival;10;8;10;<;1
98;99;departure;10;8;0;<;1
99;100;arrival;13;8;580;<;1
100;101;departure;15;9;0;>;1
101;102;arrival;9;9;310;>;1
102;103;departure;15;9;0;>;1
103;104;arrival;6;9;255;>;1
104;105;departure;6;9;0;>;1
105;106;arrival;3;9;835;>;1
106;107;departure;3;9;0;>;1
107;108;arrival;2;9;950;>;1
108;109;departure;2;9;0;>;1
109;110;arrival;1;9;1050;>;1
110;111;departure;1;9;0;<;1
111;112;arrival;2;9;1050;<;1
112;113;departure;2;9;0;<;1
113;114;arrival;3;9;950;<;1
114;115;departure;3;9;0;<;1
115;116;arrival;6;9;880;<;1
116;117;departure;6;9;0;<;1
117;118;arrival;15;9;255;<;1
118;119;departure;9;9;0;<;1
119;120;arrival;15;9;310;<;1
120;121;departure;10;12;0;>;1
121;122;arrival;8;12;0;>;1
122;123;departure;10;12;0;>;1
123;124;arrival;7;12;0;>;1
124;125;departure;15;12;0;>;1
125;126;arrival;7;12;0;>;1
126;127;departure;15;12;0;>;1
127;128;arrival;6;12;60;>;1
128;129;departure;6;12;0;>;1
129;130;arrival;3;12;60;>;1
130;131;departure;3;12;0;<;1
131;132;arrival;6;12;15;<;1
132;133;departure;6;12;0;<;1
133;134;arrival;15;12;15;<;1
134;135;departure;7;12;0;<;1
135;136;arrival;15;12;0;<;1
136;137;departure;7;12;0;<;1
137;138;arrival;10;12;0;<;1
138;139;departure;8;12;0;<;1
139;140;arrival;10;12;0;<;1
140;141;departure;10;13;0;>;1
141;142;arrival;8;13;0;>;1
142;143;departure;8;13;0;>;1
143;144;arrival;6;13;0;>;1
144;145;departure;6;13;0;>;1
145;146;arrival;4;13;0;>;1
146;147;departure;4;13;0;>;1
147;148;arrival;2;13;280;>;1
148;149;departure;3;13;0;>;1
149;150;arrival;2;13;0;>;1
150;151;departure;2;13;0;<;1
151;152;arrival;3;13;0;<;1
152;153;departure;2;13;0;<;1
153;154;arrival;4;13;280;<;1
154;155;departure;4;13;0;<;1
155;156;arrival;6;13;0;<;1
156;157;departure;6;13;0;<;1
157;158;arrival;8;13;0;<;1
158;159;departure;8;13;0;<;1
159;160;arrival;10;13;0;<;1
160;161;departure;10;15;0;>;1
161;162;arrival;8;15;400;>;1
162;163;departure;8;15;0;>;1
163;164;arrival;6;15;655;>;1
164;165;departure;6;15;0;>;1
165;166;arrival;3;15;655;>;1
166;167;departure;3;15;0;>;1
167;168;arrival;2;15;505;>;1
168;169;departure;2;15;0;>;1
169;170;arrival;1;15;270;>;1
170;171;departure;10;15;0;>;2
171;172;arrival;8;15;0;>;2
172;173;departure;8;15;0;>;2
173;174;arrival;6;15;0;>;2
174;175;departure;6;15;0;>;2
175;176;arrival;3;15;0;>;2
176;177;departure;3;15;0;>;2
177;178;arrival;2;15;0;>;2
178;179;departure;2;15;0;>;2
179;180;arrival;1;15;0;>;2
180;181;departure;1;15;0;<;1
181;182;arrival;2;15;270;<;1
182;183;departure;2;15;0;<;1
183;184;arrival;3;15;505;<;1
184;185;departure;3;15;0;<;1
185;186;arrival;6;15;655;<;1
186;187;departure;6;15;0;<;1
187;188;arrival;8;15;655;<;1
188;189;departure;8;15;0;<;1
189;190;arrival;10;15;400;<;1
190;191;departure;1;15;0;<;2
191;192;arrival;2;15;0;<;2
192;193;departure;2;15;0;<;2
193;194;arrival;3;15;0;<;2
194;195;departure;3;15;0;<;2
195;196;arrival;6;15;0;<;2
196;197;departure;6;15;0;<;2
197;198;arrival;8;15;0;<;2
198;199;departure;8;15;0;<;2
199;200;arrival;10;15;0;<;2
200;201;departure;15;16;0;>;1
201;202;arrival;7;16;0;>;1
202;203;departure;15;16;0;>;1
203;204;arrival;8;16;85;>;1
204;205;departure;8;16;0;>;1
205;206;arrival;6;16;0;>;1
206;207;departure;6;16;0;>;1
207;208;arrival;3;16;0;>;1
208;209;departure;3;16;0;>;1
209;210;arrival;2;16;0;>;1
210;211;departure;2;16;0;<;1
211;212;arrival;3;16;0;<;1
212;213;departure;3;16;0;<;1
213;214;arrival;6;16;0;<;1
214;215;departure;6;16;0;<;1
215;216;arrival;8;16;0;<;1
216;217;departure;8;16;0;<;1
217;218;arrival;15;16;85;<;1
218;219;departure;7;16;0;<;1
219;220;arrival;15;16;0;<;1
220;221;departure;12;22;0;>;1
221;222;arrival;4;22;115;>;1
222;223;departure;5;22;0;>;1
223;224;arrival;4;22;305;>;1
224;225;departure;5;22;0;>;1
225;226;arrival;2;22;175;>;1
226;227;departure;3;22;0;>;1
227;228;arrival;2;22;0;>;1
228;229;departure;6;22;0;>;1
229;230;arrival;3;22;0;>;1
230;231;departure;3;22;0;<;1
231;232;arrival;6;22;0;<;1
232;233;departure;2;22;0;<;1
233;234;arrival;3;22;0;<;1
234;235;departure;2;22;0;<;1
235;236;arrival;5;22;175;<;1
236;237;departure;4;22;0;<;1
237;238;arrival;5;22;305;<;1
238;239;departure;4;22;0;<;1
239;240;arrival;12;22;115;<;1
240;241;departure;13;25;0;>;1
241;242;arrival;10;25;0;>;1
242;243;departure;10;25;0;<;1
243;244;arrival;13;25;0;<;1
